DoctorID,DoctorName,Department,ExperienceYears,ContactNumber,Email,ImageURL
D0001,Peter Peterson,Neurology,34,+1-847-607-9983x74597,pwagner@gmail.com,https://randomuser.me/api/portraits/women/1.jpg
D0002,Shelly Frank,Oncology,4,(850)100-5247,bakeralyssa@gmail.com,https://randomuser.me/api/portraits/women/91.jpg
D0003,Joshua Thompson,Orthopedics,24,001-384-062-1933x59617,james63@monroe.org,https://randomuser.me/api/portraits/women/31.jpg
D0004,Charles Rodriguez,Cardiology,39,078-432-0670x0400,dianaandrews@yahoo.com,https://randomuser.me/api/portraits/men/29.jpg
D0005,Martha Alexander,Cardiology,10,001-587-533-4677x04798,elizabethnewton@davies.org,https://randomuser.me/api/portraits/women/98.jpg
D0006,Jessica Smith,Orthopedics,37,647.458.0335x5737,shaunmullins@hill-carson.com,https://randomuser.me/api/portraits/women/94.jpg
D0007,Anthony Martin,General Medicine,6,+1-446-789-5002x880,lynnnguyen@rodriguez.com,https://randomuser.me/api/portraits/men/94.jpg
D0008,John Lopez,Neurology,27,1358363060,coxlauren@gmail.com,https://randomuser.me/api/portraits/men/21.jpg
D0009,Tracey Young,Pediatrics,37,5691191360,patrickwells@fleming.info,https://randomuser.me/api/portraits/men/37.jpg
D0010,Matthew Anderson,Cardiology,37,(305)552-8405x840,plopez@gmail.com,https://randomuser.me/api/portraits/women/66.jpg
D0011,Matthew Johnson,Oncology,23,001-648-111-8030x58023,michaelreyes@flores.net,https://randomuser.me/api/portraits/men/38.jpg
D0012,Holly Armstrong,Pediatrics,35,001-898-539-9233x771,james75@gmail.com,https://randomuser.me/api/portraits/men/26.jpg
D0013,John Hayden,Pediatrics,27,1395384864,jacksoncindy@green.com,https://randomuser.me/api/portraits/men/50.jpg
D0014,William Hernandez,General Medicine,12,(040)658-4436x008,margaretlogan@gonzalez.com,https://randomuser.me/api/portraits/women/6.jpg
D0015,William Thompson,Orthopedics,36,(781)742-4963x233,nicolechapman@gmail.com,https://randomuser.me/api/portraits/women/45.jpg
D0016,Ryan Adams,Cardiology,33,+1-367-285-8695x725,julie66@hernandez.com,https://randomuser.me/api/portraits/women/25.jpg
D0017,Aaron Christian,Pediatrics,10,597-088-2037,medinahannah@sanchez-thomas.org,https://randomuser.me/api/portraits/men/37.jpg
D0018,Alicia Boyd,Pediatrics,12,(810)856-3663,dominguezjulie@moreno-thompson.com,https://randomuser.me/api/portraits/women/67.jpg
D0019,William Byrd,Cardiology,26,120-271-5074,abigailgonzalez@palmer.com,https://randomuser.me/api/portraits/men/30.jpg
D0020,Jordan Andrews,Orthopedics,10,(316)761-2691,ucaldwell@yahoo.com,https://randomuser.me/api/portraits/men/26.jpg
D0021,John Rivera,Orthopedics,12,(124)324-9193,tmoon@hotmail.com,https://randomuser.me/api/portraits/men/55.jpg
D0022,Andrew Gardner,General Medicine,17,(238)785-0478x0783,ythompson@bradley.com,https://randomuser.me/api/portraits/women/46.jpg
D0023,Mark Sullivan,General Medicine,28,001-908-839-4119x81625,josephallen@green.com,https://randomuser.me/api/portraits/men/54.jpg
D0024,Christine Alexander MD,Pediatrics,36,8426780404,thomasdavid@wong.com,https://randomuser.me/api/portraits/women/24.jpg
D0025,Dr. Julie Jones,Neurology,7,473-609-6527x8298,hollandangela@gmail.com,https://randomuser.me/api/portraits/women/50.jpg
D0026,Michael Watson PhD,Orthopedics,9,481-639-3593x1855,heidimiller@campbell.org,https://randomuser.me/api/portraits/women/64.jpg
D0027,Charlene Sims,General Medicine,20,757.542.2815,nboyd@garza.com,https://randomuser.me/api/portraits/men/85.jpg
D0028,Claudia Andrews,Pediatrics,2,001-979-337-4337,walkermonica@hotmail.com,https://randomuser.me/api/portraits/men/20.jpg
D0029,Scott Saunders,Neurology,35,954-286-4043x1780,elliottandrea@shannon.org,https://randomuser.me/api/portraits/men/33.jpg
D0030,Peter Beltran,Pediatrics,27,+1-567-372-7535x125,adammay@hotmail.com,https://randomuser.me/api/portraits/women/78.jpg
D0031,Morgan Jones,General Medicine,38,(409)408-7481x4913,cynthiakemp@yahoo.com,https://randomuser.me/api/portraits/men/78.jpg
D0032,Eric Walsh,Pediatrics,20,143-794-5733,sandovaldavid@mcbride.com,https://randomuser.me/api/portraits/women/10.jpg
D0033,Gilbert Vance,General Medicine,21,(578)723-3598x7643,ejohnson@lambert.com,https://randomuser.me/api/portraits/women/49.jpg
D0034,Vincent Blevins,Neurology,11,001-465-754-9218x2655,sarmstrong@hurley-davis.org,https://randomuser.me/api/portraits/women/70.jpg
D0035,Catherine Dickson,Cardiology,28,175.301.6123,sloantodd@gmail.com,https://randomuser.me/api/portraits/men/22.jpg
D0036,Jeanette King,Pediatrics,15,001-888-612-8398x91858,jonathanyoung@palmer-campbell.com,https://randomuser.me/api/portraits/men/29.jpg
D0037,Andres Summers,Orthopedics,29,001-035-996-5085x058,donna58@yahoo.com,https://randomuser.me/api/portraits/women/6.jpg
D0038,Kyle Liu,Pediatrics,26,117.807.4716x46666,contrerasalan@gonzalez.com,https://randomuser.me/api/portraits/men/69.jpg
D0039,Hannah Cobb,Oncology,21,001-388-545-7014,lisa54@parsons.com,https://randomuser.me/api/portraits/men/6.jpg
D0040,Angelica Cook,Orthopedics,30,597-578-8684x47207,zfranco@yahoo.com,https://randomuser.me/api/portraits/women/87.jpg
D0041,Brian Murphy,Cardiology,18,001-221-545-7848,andersonmichael@yahoo.com,https://randomuser.me/api/portraits/men/53.jpg
D0042,Aimee Thomas,Oncology,22,001-016-852-9919x422,jfields@gmail.com,https://randomuser.me/api/portraits/women/93.jpg
D0043,Brett Harris,General Medicine,24,531.461.8107x7778,frank03@reed-henderson.net,https://randomuser.me/api/portraits/men/45.jpg
D0044,Jeffrey Marshall,Pediatrics,4,(735)639-5166x26623,cooperjacqueline@hotmail.com,https://randomuser.me/api/portraits/men/87.jpg
D0045,Shannon Trujillo PhD,Cardiology,13,338.715.4516,hayesthomas@hotmail.com,https://randomuser.me/api/portraits/women/69.jpg
D0046,Jason Stout,Orthopedics,9,374.752.5628,qhall@gmail.com,https://randomuser.me/api/portraits/men/15.jpg
D0047,Amy Castillo,Pediatrics,4,565.227.2256x992,david87@hunter-thornton.org,https://randomuser.me/api/portraits/men/68.jpg
D0048,Alexandria Thomas,Neurology,7,(607)926-2067,johnsonjessica@hotmail.com,https://randomuser.me/api/portraits/women/77.jpg
D0049,Mrs. Lisa Torres PhD,Oncology,12,001-160-692-9851,donald38@yahoo.com,https://randomuser.me/api/portraits/women/3.jpg
D0050,Robert Bender,Pediatrics,6,370.685.2865x778,amberrojas@anderson.org,https://randomuser.me/api/portraits/women/36.jpg
D0051,William Hawkins,Oncology,36,069.864.0223x51340,porterrhonda@miller.net,https://randomuser.me/api/portraits/women/96.jpg
D0052,Jessica Quinn,Cardiology,30,+1-125-658-6547x11739,robertwagner@yahoo.com,https://randomuser.me/api/portraits/men/60.jpg
D0053,Nathaniel Cooper,Cardiology,18,001-707-126-1228x1505,nkoch@yahoo.com,https://randomuser.me/api/portraits/women/45.jpg
D0054,Michael Cross,Neurology,1,(390)702-7474,penachristopher@yahoo.com,https://randomuser.me/api/portraits/women/47.jpg
D0055,Eddie Wilson,General Medicine,10,(192)859-5146,lindsaylee@rodriguez.com,https://randomuser.me/api/portraits/women/44.jpg
D0056,Philip Thomas,Orthopedics,23,677-881-5191x1780,mark96@hotmail.com,https://randomuser.me/api/portraits/women/89.jpg
D0057,Brandy Collins,Neurology,14,346.104.3441x96783,samueljacobson@pearson.org,https://randomuser.me/api/portraits/men/77.jpg
D0058,Kristen Rogers,Cardiology,37,(510)403-0682,rogerboyd@hudson.com,https://randomuser.me/api/portraits/men/81.jpg
D0059,Gina King,Oncology,1,394-385-2207x311,andrea80@gmail.com,https://randomuser.me/api/portraits/women/22.jpg
D0060,Kenneth Gordon,Orthopedics,17,770.622.3031,jarednichols@adkins.com,https://randomuser.me/api/portraits/women/28.jpg
D0061,Tammy Wagner,General Medicine,14,-7902,linda00@coffey.biz,https://randomuser.me/api/portraits/men/29.jpg
D0062,Sonya Mcbride,Oncology,24,363-342-2830x18495,atucker@lopez.net,https://randomuser.me/api/portraits/women/57.jpg
D0063,Jennifer Ray,General Medicine,5,484-454-0274,ehanson@davis.com,https://randomuser.me/api/portraits/men/20.jpg
D0064,Diana Anderson,Cardiology,17,3971075563,emilyfitzpatrick@payne.com,https://randomuser.me/api/portraits/women/67.jpg
D0065,Brenda Wilson,Oncology,30,001-748-202-0830,sjoseph@hotmail.com,https://randomuser.me/api/portraits/women/52.jpg
D0066,Norman Daugherty,Oncology,32,757-530-8983,wdawson@harrison.com,https://randomuser.me/api/portraits/men/43.jpg
D0067,Donald Patel,Oncology,17,001-758-658-3092x261,halljessica@davis-johnson.com,https://randomuser.me/api/portraits/women/98.jpg
D0068,Justin Park,Oncology,38,565-160-7326x12127,ralexander@gmail.com,https://randomuser.me/api/portraits/women/10.jpg
D0069,Andrew Carter,Pediatrics,4,123-078-5318x5385,zsutton@hotmail.com,https://randomuser.me/api/portraits/men/41.jpg
D0070,Rebecca Mann,Oncology,17,001-465-496-2731x872,jamessharp@johnson-hanson.com,https://randomuser.me/api/portraits/women/5.jpg
D0071,Jeffrey Butler,General Medicine,27,(695)154-5813,victoriaking@yahoo.com,https://randomuser.me/api/portraits/men/72.jpg
D0072,Juan Bautista,Pediatrics,31,(215)057-3380x7155,jgibson@king-wong.com,https://randomuser.me/api/portraits/women/86.jpg
D0073,Gabrielle Castro,Neurology,15,001-574-801-0362x1036,goodwinbenjamin@hotmail.com,https://randomuser.me/api/portraits/women/7.jpg
D0074,Crystal Bailey,General Medicine,31,649.311.0421x457,heather49@wyatt.info,https://randomuser.me/api/portraits/men/38.jpg
D0075,Zachary Dennis,Pediatrics,34,(788)165-2473x58332,kevin77@gmail.com,https://randomuser.me/api/portraits/men/19.jpg
D0076,Brittany Hunter,General Medicine,21,342.133.3751x87932,olsonlori@moore.com,https://randomuser.me/api/portraits/women/5.jpg
D0077,Samantha Wallace,Orthopedics,40,984.249.7318x21214,jbaxter@tyler.com,https://randomuser.me/api/portraits/women/69.jpg
D0078,Zoe Alexander,General Medicine,17,861-819-6679x98029,janetrobertson@hotmail.com,https://randomuser.me/api/portraits/women/89.jpg
D0079,Erika Ho,Cardiology,21,(350)264-5794x88325,george08@meyer.com,https://randomuser.me/api/portraits/men/7.jpg
D0080,Erik Dougherty,Cardiology,37,490-284-0964x2392,nferguson@hotmail.com,https://randomuser.me/api/portraits/men/53.jpg
D0081,Adrian Mitchell,Orthopedics,25,156.852.3016x680,patrickrivera@patel-taylor.biz,https://randomuser.me/api/portraits/men/55.jpg
D0082,Barbara Roberts,Cardiology,35,001-973-416-1382x787,wtapia@martinez.net,https://randomuser.me/api/portraits/women/63.jpg
D0083,Melissa Stanley,Cardiology,20,001-682-869-8679,schwartzkimberly@meyers.info,https://randomuser.me/api/portraits/men/27.jpg
D0084,Justin Cooper,Cardiology,12,010-967-2914,pleblanc@blankenship-phillips.com,https://randomuser.me/api/portraits/men/66.jpg
D0085,Sheila West,Cardiology,6,(472)502-2723x0840,smithamber@gmail.com,https://randomuser.me/api/portraits/men/7.jpg
D0086,Michelle Moore,Orthopedics,23,(593)555-4464,rnoble@yahoo.com,https://randomuser.me/api/portraits/men/66.jpg
D0087,Alfred Bender PhD,Neurology,16,(205)772-8477x736,amandabradley@yahoo.com,https://randomuser.me/api/portraits/men/72.jpg
D0088,Alexander Mcgrath,Cardiology,19,491-035-9621x55039,laurendavis@hotmail.com,https://randomuser.me/api/portraits/women/22.jpg
D0089,Lauren Baker,Neurology,32,080.214.7185x9909,anitamiller@yahoo.com,https://randomuser.me/api/portraits/women/87.jpg
D0090,Shaun Nolan,Cardiology,28,080-368-2155,stevenbryant@ramos.net,https://randomuser.me/api/portraits/men/39.jpg
D0091,Jamie Morgan,Oncology,11,393032324,brandi29@gonzales-jackson.org,https://randomuser.me/api/portraits/women/25.jpg
D0092,Elizabeth Reed,Cardiology,39,889-663-3336x4858,samanthahunt@dominguez.net,https://randomuser.me/api/portraits/men/64.jpg
D0093,Laura Smith,Orthopedics,27,+1-926-425-6091x45873,lisa47@yahoo.com,https://randomuser.me/api/portraits/men/29.jpg
D0094,Melissa Frey,Neurology,12,001-041-878-4090x228,malonejoseph@gmail.com,https://randomuser.me/api/portraits/men/27.jpg
D0095,Tyler Fleming,General Medicine,17,620.210.6371x76926,charlessosa@gmail.com,https://randomuser.me/api/portraits/women/82.jpg
D0096,Joshua Taylor,Neurology,34,(991)957-8018x3476,dbaker@yahoo.com,https://randomuser.me/api/portraits/men/75.jpg
D0097,Sheri Martinez,General Medicine,19,263.225.4945x035,lisarichardson@sanchez-english.com,https://randomuser.me/api/portraits/men/84.jpg
D0098,Lisa Perez,Oncology,17,481.685.4308x576,dawn93@hotmail.com,https://randomuser.me/api/portraits/women/78.jpg
D0099,Michelle Bowers,Cardiology,33,(976)374-5379,terriweber@lane.com,https://randomuser.me/api/portraits/men/63.jpg
D0100,Steven Martin,Orthopedics,22,775.046.6699x9945,xsutton@wheeler.com,https://randomuser.me/api/portraits/women/6.jpg
